[{"pk": 5, "model": "contenttypes.contenttype", "fields": {"model": "contenttype", "name": "content type", "app_label": "contenttypes"}}, {"pk": 9, "model": "contenttypes.contenttype", "fields": {"model": "event", "name": "event", "app_label": "fitlogmodel"}}, {"pk": 2, "model": "contenttypes.contenttype", "fields": {"model": "group", "name": "group", "app_label": "auth"}}, {"pk": 4, "model": "contenttypes.contenttype", "fields": {"model": "message", "name": "message", "app_label": "auth"}}, {"pk": 1, "model": "contenttypes.contenttype", "fields": {"model": "permission", "name": "permission", "app_label": "auth"}}, {"pk": 8, "model": "contenttypes.contenttype", "fields": {"model": "route", "name": "route", "app_label": "fitlogmodel"}}, {"pk": 6, "model": "contenttypes.contenttype", "fields": {"model": "session", "name": "session", "app_label": "sessions"}}, {"pk": 7, "model": "contenttypes.contenttype", "fields": {"model": "site", "name": "site", "app_label": "sites"}}, {"pk": 10, "model": "contenttypes.contenttype", "fields": {"model": "tag", "name": "tag", "app_label": "tagging"}}, {"pk": 11, "model": "contenttypes.contenttype", "fields": {"model": "taggeditem", "name": "tagged item", "app_label": "tagging"}}, {"pk": 3, "model": "contenttypes.contenttype", "fields": {"model": "user", "name": "user", "app_label": "auth"}}, {"pk": 1, "model": "sites.site", "fields": {"domain": "example.com", "name": "example.com"}}, {"pk": 1, "model": "fitlogmodel.route", "fields": {"distance": 7890, "elevation": 340, "location": "Omi\u0161", "_name": "prosik"}}, {"pk": 2, "model": "fitlogmodel.route", "fields": {"distance": 8530, "elevation": 0, "location": "Omi\u0161", "_name": "kastel"}}, {"pk": 3, "model": "fitlogmodel.route", "fields": {"distance": 8670, "elevation": 0, "location": "Zagreb", "_name": "nasip_8670"}}, {"pk": 4, "model": "fitlogmodel.route", "fields": {"distance": 39690, "elevation": 866, "location": "Zagreb", "_name": "sljeme"}}, {"pk": 5, "model": "fitlogmodel.route", "fields": {"distance": 43080, "elevation": 664, "location": "omi\u0161", "_name": "kucice_B"}}, {"pk": 6, "model": "fitlogmodel.route", "fields": {"distance": 11120, "elevation": 405, "location": "Omi\u0161", "_name": "trusa"}}, {"pk": 7, "model": "fitlogmodel.route", "fields": {"distance": 37000, "elevation": 0, "location": "sinj", "_name": "hodocascenje"}}, {"pk": 8, "model": "fitlogmodel.route", "fields": {"distance": 56970, "elevation": 760, "location": "Omi\u0161", "_name": "\u0161estanovac_a"}}, {"pk": 9, "model": "fitlogmodel.route", "fields": {"distance": 8160, "elevation": 0, "location": "Split", "_name": "bacvice"}}, {"pk": 10, "model": "fitlogmodel.route", "fields": {"distance": 8860, "elevation": 393, "location": "Omi\u0161", "_name": "naklice_stareduce"}}, {"pk": 11, "model": "fitlogmodel.route", "fields": {"distance": 22070, "elevation": 0, "location": "Zagreb", "_name": "nasip_jarun_a"}}, {"pk": 12, "model": "fitlogmodel.route", "fields": {"distance": 12800, "elevation": 0, "location": "Zagreb", "_name": "nasip_12800"}}, {"pk": 13, "model": "fitlogmodel.route", "fields": {"distance": 70120, "elevation": 676, "location": "Omi\u0161", "_name": "rosca_a"}}, {"pk": 14, "model": "fitlogmodel.route", "fields": {"distance": 45320, "elevation": 690, "location": "Omi\u0161", "_name": "kucice_a"}}, {"pk": 15, "model": "fitlogmodel.route", "fields": {"distance": 20000, "elevation": 500, "location": "Omi\u0161", "_name": "imber_a"}}, {"pk": 16, "model": "fitlogmodel.route", "fields": {"distance": 8030, "elevation": 0, "location": "Zagreb", "_name": "nasip_8030"}}, {"pk": 1, "model": "fitlogmodel.event", "fields": {"date": "2012-08-02",  "route": null, "duration": 4200, "_distance": 33770}}, {"pk": 2, "model": "fitlogmodel.event", "fields": {"date": "2012-08-01",  "route": 1, "duration": 2962, "_distance": null}}, {"pk": 3, "model": "fitlogmodel.event", "fields": {"date": "2012-07-31",  "route": null, "duration": 1800, "_distance": 4000}}, {"pk": 4, "model": "fitlogmodel.event", "fields": {"date": "2012-07-29",  "route": null, "duration": 2685, "_distance": 18320}}, {"pk": 5, "model": "fitlogmodel.event", "fields": {"date": "2012-07-28",  "route": 3, "duration": 2678, "_distance": null}}, {"pk": 7, "model": "fitlogmodel.event", "fields": {"date": "2012-07-26",  "route": 4, "duration": 7080, "_distance": null}}, {"pk": 8, "model": "fitlogmodel.event", "fields": {"date": "2012-07-25",  "route": 3, "duration": 2321, "_distance": null}}, {"pk": 10, "model": "fitlogmodel.event", "fields": {"date": "2012-07-22",  "route": null, "duration": 1200, "_distance": null}}, {"pk": 11, "model": "fitlogmodel.event", "fields": {"date": "2012-08-03",  "route": 5, "duration": 5668, "_distance": null}}, {"pk": 12, "model": "fitlogmodel.event", "fields": {"date": "2012-07-24",  "route": 3, "duration": 2346, "_distance": null}}, {"pk": 13, "model": "fitlogmodel.event", "fields": {"date": "2012-07-21",  "route": 6, "duration": 4487, "_distance": null}}, {"pk": 14, "model": "fitlogmodel.event", "fields": {"date": "2012-07-19",  "route": 1, "duration": 3051, "_distance": null}}, {"pk": 15, "model": "fitlogmodel.event", "fields": {"date": "2012-07-18",  "route": null, "duration": 2400, "_distance": 4000}}, {"pk": 16, "model": "fitlogmodel.event", "fields": {"date": "2012-08-11",  "route": 7, "duration": 19500, "_distance": null}}, {"pk": 17, "model": "fitlogmodel.event", "fields": {"date": "2012-08-08",  "route": null, "duration": 1980, "_distance": 7500}}, {"pk": 18, "model": "fitlogmodel.event", "fields": {"date": "2012-08-05",  "route": 8, "duration": 7336, "_distance": null}}, {"pk": 19, "model": "fitlogmodel.event", "fields": {"date": "2012-07-15",  "route": null, "duration": 2700, "_distance": 7200}}, {"pk": 20, "model": "fitlogmodel.event", "fields": {"date": "2012-07-13",  "route": null, "duration": 2739, "_distance": 9840}}, {"pk": 21, "model": "fitlogmodel.event", "fields": {"date": "2012-07-12",  "route": 9, "duration": 2560, "_distance": null}}, {"pk": 22, "model": "fitlogmodel.event", "fields": {"date": "2012-07-10",  "route": 2, "duration": 2241, "_distance": null}}, {"pk": 23, "model": "fitlogmodel.event", "fields": {"date": "2012-07-09",  "route": 10, "duration": 3960, "_distance": null}}, {"pk": 24, "model": "fitlogmodel.event", "fields": {"date": "2012-07-08",  "route": 1, "duration": 4560, "_distance": 10830}}, {"pk": 25, "model": "fitlogmodel.event", "fields": {"date": "2012-07-04",  "route": 11, "duration": 7170, "_distance": null}}, {"pk": 26, "model": "fitlogmodel.event", "fields": {"date": "2012-07-03",  "route": null, "duration": 3002, "_distance": 7750}}, {"pk": 27, "model": "fitlogmodel.event", "fields": {"date": "2012-07-02",  "route": 12, "duration": 3628, "_distance": null}}, {"pk": 28, "model": "fitlogmodel.event", "fields": {"date": "2012-07-01",  "route": null, "duration": 1920, "_distance": 6000}}, {"pk": 29, "model": "fitlogmodel.event", "fields": {"date": "2012-08-13",  "route": 13, "duration": 8983, "_distance": null}}, {"pk": 30, "model": "fitlogmodel.event", "fields": {"date": "2012-08-14",  "route": 2, "duration": 2460, "_distance": null}}, {"pk": 31, "model": "fitlogmodel.event", "fields": {"date": "2012-08-15",  "route": 14, "duration": 5828, "_distance": null}}, {"pk": 32, "model": "fitlogmodel.event", "fields": {"date": "2012-08-18",  "route": 1, "duration": 2990, "_distance": null}}, {"pk": 33, "model": "fitlogmodel.event", "fields": {"date": "2012-08-19",  "route": 15, "duration": 9626, "_distance": null}}, {"pk": 34, "model": "fitlogmodel.event", "fields": {"date": "2012-08-20",  "route": null, "duration": 2370, "_distance": 7500}}, {"pk": 35, "model": "fitlogmodel.event", "fields": {"date": "2012-08-16",  "route": null, "duration": 7200, "_distance": null}}, {"pk": 36, "model": "fitlogmodel.event", "fields": {"date": "2012-08-22",  "route": 3, "duration": 2373, "_distance": null}}, {"pk": 37, "model": "fitlogmodel.event", "fields": {"date": "2012-08-23",  "route": null, "duration": 5940, "_distance": 44340}}, {"pk": 38, "model": "fitlogmodel.event", "fields": {"date": "2012-08-24",  "route": 16, "duration": 2103, "_distance": null}}, {"pk": 39, "model": "fitlogmodel.event", "fields": {"date": "2012-08-25",  "route": 12, "duration": 3625, "_distance": null}}, {"pk": 21, "model": "tagging.tag", "fields": {"name": "#bla"}}, {"pk": 23, "model": "tagging.tag", "fields": {"name": "#bla1"}}, {"pk": 22, "model": "tagging.tag", "fields": {"name": "#bla2"}}, {"pk": 10, "model": "tagging.tag", "fields": {"name": "#core"}}, {"pk": 6, "model": "tagging.tag", "fields": {"name": "#cycling"}}, {"pk": 19, "model": "tagging.tag", "fields": {"name": "#dumm3"}}, {"pk": 20, "model": "tagging.tag", "fields": {"name": "#dumm4"}}, {"pk": 17, "model": "tagging.tag", "fields": {"name": "#dummy"}}, {"pk": 18, "model": "tagging.tag", "fields": {"name": "#dummy2"}}, {"pk": 9, "model": "tagging.tag", "fields": {"name": "#easy"}}, {"pk": 27, "model": "tagging.tag", "fields": {"name": "#empty"}}, {"pk": 35, "model": "tagging.tag", "fields": {"name": "#fatburn"}}, {"pk": 11, "model": "tagging.tag", "fields": {"name": "#gym"}}, {"pk": 1, "model": "tagging.tag", "fields": {"name": "#hill"}}, {"pk": 15, "model": "tagging.tag", "fields": {"name": "#hodocascenje"}}, {"pk": 34, "model": "tagging.tag", "fields": {"name": "#hot"}}, {"pk": 32, "model": "tagging.tag", "fields": {"name": "#intervals"}}, {"pk": 29, "model": "tagging.tag", "fields": {"name": "#long"}}, {"pk": 30, "model": "tagging.tag", "fields": {"name": "#louc"}}, {"pk": 28, "model": "tagging.tag", "fields": {"name": "#morning"}}, {"pk": 24, "model": "tagging.tag", "fields": {"name": "#my"}}, {"pk": 25, "model": "tagging.tag", "fields": {"name": "#my2"}}, {"pk": 5, "model": "tagging.tag", "fields": {"name": "#nasip"}}, {"pk": 13, "model": "tagging.tag", "fields": {"name": "#rainy"}}, {"pk": 4, "model": "tagging.tag", "fields": {"name": "#road"}}, {"pk": 2, "model": "tagging.tag", "fields": {"name": "#running"}}, {"pk": 16, "model": "tagging.tag", "fields": {"name": "#sibenik"}}, {"pk": 14, "model": "tagging.tag", "fields": {"name": "#spec"}}, {"pk": 26, "model": "tagging.tag", "fields": {"name": "#sprint"}}, {"pk": 7, "model": "tagging.tag", "fields": {"name": "#sprints"}}, {"pk": 12, "model": "tagging.tag", "fields": {"name": "#tempo"}}, {"pk": 33, "model": "tagging.tag", "fields": {"name": "#tennis"}}, {"pk": 3, "model": "tagging.tag", "fields": {"name": "#trail"}}, {"pk": 31, "model": "tagging.tag", "fields": {"name": "#trek"}}, {"pk": 8, "model": "tagging.tag", "fields": {"name": "#windy"}}, {"pk": 1, "model": "tagging.taggeditem", "fields": {"tag": 1, "object_id": 1, "content_type": 8}}, {"pk": 2, "model": "tagging.taggeditem", "fields": {"tag": 2, "object_id": 1, "content_type": 8}}, {"pk": 3, "model": "tagging.taggeditem", "fields": {"tag": 3, "object_id": 1, "content_type": 8}}, {"pk": 4, "model": "tagging.taggeditem", "fields": {"tag": 4, "object_id": 2, "content_type": 8}}, {"pk": 5, "model": "tagging.taggeditem", "fields": {"tag": 2, "object_id": 2, "content_type": 8}}, {"pk": 6, "model": "tagging.taggeditem", "fields": {"tag": 5, "object_id": 3, "content_type": 8}}, {"pk": 7, "model": "tagging.taggeditem", "fields": {"tag": 2, "object_id": 3, "content_type": 8}}, {"pk": 8, "model": "tagging.taggeditem", "fields": {"tag": 6, "object_id": 4, "content_type": 8}}, {"pk": 9, "model": "tagging.taggeditem", "fields": {"tag": 1, "object_id": 4, "content_type": 8}}, {"pk": 10, "model": "tagging.taggeditem", "fields": {"tag": 4, "object_id": 4, "content_type": 8}}, {"pk": 11, "model": "tagging.taggeditem", "fields": {"tag": 6, "object_id": 1, "content_type": 9}}, {"pk": 12, "model": "tagging.taggeditem", "fields": {"tag": 1, "object_id": 2, "content_type": 9}}, {"pk": 13, "model": "tagging.taggeditem", "fields": {"tag": 2, "object_id": 2, "content_type": 9}}, {"pk": 14, "model": "tagging.taggeditem", "fields": {"tag": 3, "object_id": 2, "content_type": 9}}, {"pk": 15, "model": "tagging.taggeditem", "fields": {"tag": 2, "object_id": 3, "content_type": 9}}, {"pk": 16, "model": "tagging.taggeditem", "fields": {"tag": 7, "object_id": 3, "content_type": 9}}, {"pk": 17, "model": "tagging.taggeditem", "fields": {"tag": 8, "object_id": 3, "content_type": 9}}, {"pk": 18, "model": "tagging.taggeditem", "fields": {"tag": 6, "object_id": 4, "content_type": 9}}, {"pk": 19, "model": "tagging.taggeditem", "fields": {"tag": 8, "object_id": 4, "content_type": 9}}, {"pk": 20, "model": "tagging.taggeditem", "fields": {"tag": 9, "object_id": 5, "content_type": 9}}, {"pk": 21, "model": "tagging.taggeditem", "fields": {"tag": 5, "object_id": 5, "content_type": 9}}, {"pk": 22, "model": "tagging.taggeditem", "fields": {"tag": 2, "object_id": 5, "content_type": 9}}, {"pk": 23, "model": "tagging.taggeditem", "fields": {"tag": 10, "object_id": 6, "content_type": 9}}, {"pk": 24, "model": "tagging.taggeditem", "fields": {"tag": 11, "object_id": 6, "content_type": 9}}, {"pk": 25, "model": "tagging.taggeditem", "fields": {"tag": 6, "object_id": 7, "content_type": 9}}, {"pk": 26, "model": "tagging.taggeditem", "fields": {"tag": 1, "object_id": 7, "content_type": 9}}, {"pk": 27, "model": "tagging.taggeditem", "fields": {"tag": 4, "object_id": 7, "content_type": 9}}, {"pk": 28, "model": "tagging.taggeditem", "fields": {"tag": 5, "object_id": 8, "content_type": 9}}, {"pk": 29, "model": "tagging.taggeditem", "fields": {"tag": 2, "object_id": 8, "content_type": 9}}, {"pk": 30, "model": "tagging.taggeditem", "fields": {"tag": 12, "object_id": 8, "content_type": 9}}, {"pk": 31, "model": "tagging.taggeditem", "fields": {"tag": 1, "object_id": 9, "content_type": 9}}, {"pk": 32, "model": "tagging.taggeditem", "fields": {"tag": 13, "object_id": 9, "content_type": 9}}, {"pk": 33, "model": "tagging.taggeditem", "fields": {"tag": 2, "object_id": 9, "content_type": 9}}, {"pk": 34, "model": "tagging.taggeditem", "fields": {"tag": 3, "object_id": 9, "content_type": 9}}, {"pk": 35, "model": "tagging.taggeditem", "fields": {"tag": 10, "object_id": 10, "content_type": 9}}, {"pk": 36, "model": "tagging.taggeditem", "fields": {"tag": 11, "object_id": 10, "content_type": 9}}, {"pk": 37, "model": "tagging.taggeditem", "fields": {"tag": 6, "object_id": 5, "content_type": 8}}, {"pk": 38, "model": "tagging.taggeditem", "fields": {"tag": 1, "object_id": 5, "content_type": 8}}, {"pk": 39, "model": "tagging.taggeditem", "fields": {"tag": 4, "object_id": 5, "content_type": 8}}, {"pk": 40, "model": "tagging.taggeditem", "fields": {"tag": 6, "object_id": 11, "content_type": 9}}, {"pk": 41, "model": "tagging.taggeditem", "fields": {"tag": 1, "object_id": 11, "content_type": 9}}, {"pk": 42, "model": "tagging.taggeditem", "fields": {"tag": 4, "object_id": 11, "content_type": 9}}, {"pk": 43, "model": "tagging.taggeditem", "fields": {"tag": 14, "object_id": 11, "content_type": 9}}, {"pk": 44, "model": "tagging.taggeditem", "fields": {"tag": 5, "object_id": 12, "content_type": 9}}, {"pk": 45, "model": "tagging.taggeditem", "fields": {"tag": 13, "object_id": 12, "content_type": 9}}, {"pk": 46, "model": "tagging.taggeditem", "fields": {"tag": 2, "object_id": 12, "content_type": 9}}, {"pk": 47, "model": "tagging.taggeditem", "fields": {"tag": 1, "object_id": 6, "content_type": 8}}, {"pk": 48, "model": "tagging.taggeditem", "fields": {"tag": 2, "object_id": 6, "content_type": 8}}, {"pk": 49, "model": "tagging.taggeditem", "fields": {"tag": 3, "object_id": 6, "content_type": 8}}, {"pk": 50, "model": "tagging.taggeditem", "fields": {"tag": 1, "object_id": 13, "content_type": 9}}, {"pk": 51, "model": "tagging.taggeditem", "fields": {"tag": 2, "object_id": 13, "content_type": 9}}, {"pk": 52, "model": "tagging.taggeditem", "fields": {"tag": 3, "object_id": 13, "content_type": 9}}, {"pk": 53, "model": "tagging.taggeditem", "fields": {"tag": 1, "object_id": 14, "content_type": 9}}, {"pk": 54, "model": "tagging.taggeditem", "fields": {"tag": 2, "object_id": 14, "content_type": 9}}, {"pk": 55, "model": "tagging.taggeditem", "fields": {"tag": 3, "object_id": 14, "content_type": 9}}, {"pk": 56, "model": "tagging.taggeditem", "fields": {"tag": 2, "object_id": 15, "content_type": 9}}, {"pk": 57, "model": "tagging.taggeditem", "fields": {"tag": 1, "object_id": 7, "content_type": 8}}, {"pk": 58, "model": "tagging.taggeditem", "fields": {"tag": 15, "object_id": 7, "content_type": 8}}, {"pk": 59, "model": "tagging.taggeditem", "fields": {"tag": 4, "object_id": 7, "content_type": 8}}, {"pk": 60, "model": "tagging.taggeditem", "fields": {"tag": 2, "object_id": 7, "content_type": 8}}, {"pk": 61, "model": "tagging.taggeditem", "fields": {"tag": 3, "object_id": 7, "content_type": 8}}, {"pk": 62, "model": "tagging.taggeditem", "fields": {"tag": 1, "object_id": 16, "content_type": 9}}, {"pk": 63, "model": "tagging.taggeditem", "fields": {"tag": 15, "object_id": 16, "content_type": 9}}, {"pk": 64, "model": "tagging.taggeditem", "fields": {"tag": 4, "object_id": 16, "content_type": 9}}, {"pk": 65, "model": "tagging.taggeditem", "fields": {"tag": 2, "object_id": 16, "content_type": 9}}, {"pk": 66, "model": "tagging.taggeditem", "fields": {"tag": 3, "object_id": 16, "content_type": 9}}, {"pk": 67, "model": "tagging.taggeditem", "fields": {"tag": 1, "object_id": 17, "content_type": 9}}, {"pk": 68, "model": "tagging.taggeditem", "fields": {"tag": 4, "object_id": 17, "content_type": 9}}, {"pk": 69, "model": "tagging.taggeditem", "fields": {"tag": 2, "object_id": 17, "content_type": 9}}, {"pk": 70, "model": "tagging.taggeditem", "fields": {"tag": 16, "object_id": 17, "content_type": 9}}, {"pk": 71, "model": "tagging.taggeditem", "fields": {"tag": 3, "object_id": 17, "content_type": 9}}, {"pk": 72, "model": "tagging.taggeditem", "fields": {"tag": 6, "object_id": 8, "content_type": 8}}, {"pk": 73, "model": "tagging.taggeditem", "fields": {"tag": 1, "object_id": 8, "content_type": 8}}, {"pk": 74, "model": "tagging.taggeditem", "fields": {"tag": 4, "object_id": 8, "content_type": 8}}, {"pk": 75, "model": "tagging.taggeditem", "fields": {"tag": 6, "object_id": 18, "content_type": 9}}, {"pk": 76, "model": "tagging.taggeditem", "fields": {"tag": 1, "object_id": 18, "content_type": 9}}, {"pk": 77, "model": "tagging.taggeditem", "fields": {"tag": 4, "object_id": 18, "content_type": 9}}, {"pk": 78, "model": "tagging.taggeditem", "fields": {"tag": 8, "object_id": 18, "content_type": 9}}, {"pk": 80, "model": "tagging.taggeditem", "fields": {"tag": 1, "object_id": 19, "content_type": 9}}, {"pk": 81, "model": "tagging.taggeditem", "fields": {"tag": 2, "object_id": 19, "content_type": 9}}, {"pk": 85, "model": "tagging.taggeditem", "fields": {"tag": 2, "object_id": 9, "content_type": 8}}, {"pk": 87, "model": "tagging.taggeditem", "fields": {"tag": 26, "object_id": 19, "content_type": 9}}, {"pk": 88, "model": "tagging.taggeditem", "fields": {"tag": 2, "object_id": 20, "content_type": 9}}, {"pk": 89, "model": "tagging.taggeditem", "fields": {"tag": 27, "object_id": 21, "content_type": 9}}, {"pk": 90, "model": "tagging.taggeditem", "fields": {"tag": 28, "object_id": 21, "content_type": 9}}, {"pk": 91, "model": "tagging.taggeditem", "fields": {"tag": 2, "object_id": 21, "content_type": 9}}, {"pk": 92, "model": "tagging.taggeditem", "fields": {"tag": 4, "object_id": 22, "content_type": 9}}, {"pk": 93, "model": "tagging.taggeditem", "fields": {"tag": 2, "object_id": 22, "content_type": 9}}, {"pk": 94, "model": "tagging.taggeditem", "fields": {"tag": 12, "object_id": 22, "content_type": 9}}, {"pk": 95, "model": "tagging.taggeditem", "fields": {"tag": 1, "object_id": 10, "content_type": 8}}, {"pk": 96, "model": "tagging.taggeditem", "fields": {"tag": 2, "object_id": 10, "content_type": 8}}, {"pk": 97, "model": "tagging.taggeditem", "fields": {"tag": 3, "object_id": 10, "content_type": 8}}, {"pk": 98, "model": "tagging.taggeditem", "fields": {"tag": 1, "object_id": 23, "content_type": 9}}, {"pk": 99, "model": "tagging.taggeditem", "fields": {"tag": 2, "object_id": 23, "content_type": 9}}, {"pk": 100, "model": "tagging.taggeditem", "fields": {"tag": 3, "object_id": 23, "content_type": 9}}, {"pk": 101, "model": "tagging.taggeditem", "fields": {"tag": 1, "object_id": 24, "content_type": 9}}, {"pk": 102, "model": "tagging.taggeditem", "fields": {"tag": 2, "object_id": 24, "content_type": 9}}, {"pk": 103, "model": "tagging.taggeditem", "fields": {"tag": 3, "object_id": 24, "content_type": 9}}, {"pk": 104, "model": "tagging.taggeditem", "fields": {"tag": 2, "object_id": 11, "content_type": 8}}, {"pk": 105, "model": "tagging.taggeditem", "fields": {"tag": 29, "object_id": 25, "content_type": 9}}, {"pk": 106, "model": "tagging.taggeditem", "fields": {"tag": 2, "object_id": 25, "content_type": 9}}, {"pk": 107, "model": "tagging.taggeditem", "fields": {"tag": 9, "object_id": 26, "content_type": 9}}, {"pk": 108, "model": "tagging.taggeditem", "fields": {"tag": 30, "object_id": 26, "content_type": 9}}, {"pk": 109, "model": "tagging.taggeditem", "fields": {"tag": 2, "object_id": 26, "content_type": 9}}, {"pk": 110, "model": "tagging.taggeditem", "fields": {"tag": 5, "object_id": 12, "content_type": 8}}, {"pk": 111, "model": "tagging.taggeditem", "fields": {"tag": 2, "object_id": 12, "content_type": 8}}, {"pk": 112, "model": "tagging.taggeditem", "fields": {"tag": 5, "object_id": 27, "content_type": 9}}, {"pk": 113, "model": "tagging.taggeditem", "fields": {"tag": 2, "object_id": 27, "content_type": 9}}, {"pk": 114, "model": "tagging.taggeditem", "fields": {"tag": 2, "object_id": 28, "content_type": 9}}, {"pk": 115, "model": "tagging.taggeditem", "fields": {"tag": 1, "object_id": 29, "content_type": 9}}, {"pk": 118, "model": "tagging.taggeditem", "fields": {"tag": 6, "object_id": 13, "content_type": 8}}, {"pk": 119, "model": "tagging.taggeditem", "fields": {"tag": 1, "object_id": 13, "content_type": 8}}, {"pk": 120, "model": "tagging.taggeditem", "fields": {"tag": 4, "object_id": 13, "content_type": 8}}, {"pk": 121, "model": "tagging.taggeditem", "fields": {"tag": 6, "object_id": 29, "content_type": 9}}, {"pk": 122, "model": "tagging.taggeditem", "fields": {"tag": 4, "object_id": 29, "content_type": 9}}, {"pk": 123, "model": "tagging.taggeditem", "fields": {"tag": 14, "object_id": 29, "content_type": 9}}, {"pk": 124, "model": "tagging.taggeditem", "fields": {"tag": 9, "object_id": 30, "content_type": 9}}, {"pk": 125, "model": "tagging.taggeditem", "fields": {"tag": 4, "object_id": 30, "content_type": 9}}, {"pk": 126, "model": "tagging.taggeditem", "fields": {"tag": 2, "object_id": 30, "content_type": 9}}, {"pk": 127, "model": "tagging.taggeditem", "fields": {"tag": 6, "object_id": 14, "content_type": 8}}, {"pk": 128, "model": "tagging.taggeditem", "fields": {"tag": 1, "object_id": 14, "content_type": 8}}, {"pk": 129, "model": "tagging.taggeditem", "fields": {"tag": 4, "object_id": 14, "content_type": 8}}, {"pk": 130, "model": "tagging.taggeditem", "fields": {"tag": 6, "object_id": 31, "content_type": 9}}, {"pk": 131, "model": "tagging.taggeditem", "fields": {"tag": 1, "object_id": 31, "content_type": 9}}, {"pk": 132, "model": "tagging.taggeditem", "fields": {"tag": 4, "object_id": 31, "content_type": 9}}, {"pk": 133, "model": "tagging.taggeditem", "fields": {"tag": 14, "object_id": 31, "content_type": 9}}, {"pk": 134, "model": "tagging.taggeditem", "fields": {"tag": 1, "object_id": 32, "content_type": 9}}, {"pk": 135, "model": "tagging.taggeditem", "fields": {"tag": 2, "object_id": 32, "content_type": 9}}, {"pk": 136, "model": "tagging.taggeditem", "fields": {"tag": 3, "object_id": 32, "content_type": 9}}, {"pk": 137, "model": "tagging.taggeditem", "fields": {"tag": 1, "object_id": 15, "content_type": 8}}, {"pk": 138, "model": "tagging.taggeditem", "fields": {"tag": 2, "object_id": 15, "content_type": 8}}, {"pk": 139, "model": "tagging.taggeditem", "fields": {"tag": 31, "object_id": 15, "content_type": 8}}, {"pk": 140, "model": "tagging.taggeditem", "fields": {"tag": 1, "object_id": 33, "content_type": 9}}, {"pk": 141, "model": "tagging.taggeditem", "fields": {"tag": 2, "object_id": 33, "content_type": 9}}, {"pk": 142, "model": "tagging.taggeditem", "fields": {"tag": 31, "object_id": 33, "content_type": 9}}, {"pk": 143, "model": "tagging.taggeditem", "fields": {"tag": 32, "object_id": 34, "content_type": 9}}, {"pk": 144, "model": "tagging.taggeditem", "fields": {"tag": 2, "object_id": 34, "content_type": 9}}, {"pk": 145, "model": "tagging.taggeditem", "fields": {"tag": 33, "object_id": 35, "content_type": 9}}, {"pk": 146, "model": "tagging.taggeditem", "fields": {"tag": 34, "object_id": 36, "content_type": 9}}, {"pk": 147, "model": "tagging.taggeditem", "fields": {"tag": 5, "object_id": 36, "content_type": 9}}, {"pk": 148, "model": "tagging.taggeditem", "fields": {"tag": 2, "object_id": 36, "content_type": 9}}, {"pk": 149, "model": "tagging.taggeditem", "fields": {"tag": 6, "object_id": 37, "content_type": 9}}, {"pk": 150, "model": "tagging.taggeditem", "fields": {"tag": 35, "object_id": 37, "content_type": 9}}, {"pk": 151, "model": "tagging.taggeditem", "fields": {"tag": 5, "object_id": 16, "content_type": 8}}, {"pk": 152, "model": "tagging.taggeditem", "fields": {"tag": 2, "object_id": 16, "content_type": 8}}, {"pk": 153, "model": "tagging.taggeditem", "fields": {"tag": 5, "object_id": 38, "content_type": 9}}, {"pk": 154, "model": "tagging.taggeditem", "fields": {"tag": 2, "object_id": 38, "content_type": 9}}, {"pk": 155, "model": "tagging.taggeditem", "fields": {"tag": 5, "object_id": 39, "content_type": 9}}, {"pk": 156, "model": "tagging.taggeditem", "fields": {"tag": 2, "object_id": 39, "content_type": 9}}, {"pk": 4, "model": "auth.permission", "fields": {"codename": "add_group", "name": "Can add group", "content_type": 2}}, {"pk": 5, "model": "auth.permission", "fields": {"codename": "change_group", "name": "Can change group", "content_type": 2}}, {"pk": 6, "model": "auth.permission", "fields": {"codename": "delete_group", "name": "Can delete group", "content_type": 2}}, {"pk": 10, "model": "auth.permission", "fields": {"codename": "add_message", "name": "Can add message", "content_type": 4}}, {"pk": 11, "model": "auth.permission", "fields": {"codename": "change_message", "name": "Can change message", "content_type": 4}}, {"pk": 12, "model": "auth.permission", "fields": {"codename": "delete_message", "name": "Can delete message", "content_type": 4}}, {"pk": 1, "model": "auth.permission", "fields": {"codename": "add_permission", "name": "Can add permission", "content_type": 1}}, {"pk": 2, "model": "auth.permission", "fields": {"codename": "change_permission", "name": "Can change permission", "content_type": 1}}, {"pk": 3, "model": "auth.permission", "fields": {"codename": "delete_permission", "name": "Can delete permission", "content_type": 1}}, {"pk": 7, "model": "auth.permission", "fields": {"codename": "add_user", "name": "Can add user", "content_type": 3}}, {"pk": 8, "model": "auth.permission", "fields": {"codename": "change_user", "name": "Can change user", "content_type": 3}}, {"pk": 9, "model": "auth.permission", "fields": {"codename": "delete_user", "name": "Can delete user", "content_type": 3}}, {"pk": 13, "model": "auth.permission", "fields": {"codename": "add_contenttype", "name": "Can add content type", "content_type": 5}}, {"pk": 14, "model": "auth.permission", "fields": {"codename": "change_contenttype", "name": "Can change content type", "content_type": 5}}, {"pk": 15, "model": "auth.permission", "fields": {"codename": "delete_contenttype", "name": "Can delete content type", "content_type": 5}}, {"pk": 25, "model": "auth.permission", "fields": {"codename": "add_event", "name": "Can add event", "content_type": 9}}, {"pk": 26, "model": "auth.permission", "fields": {"codename": "change_event", "name": "Can change event", "content_type": 9}}, {"pk": 27, "model": "auth.permission", "fields": {"codename": "delete_event", "name": "Can delete event", "content_type": 9}}, {"pk": 22, "model": "auth.permission", "fields": {"codename": "add_route", "name": "Can add route", "content_type": 8}}, {"pk": 23, "model": "auth.permission", "fields": {"codename": "change_route", "name": "Can change route", "content_type": 8}}, {"pk": 24, "model": "auth.permission", "fields": {"codename": "delete_route", "name": "Can delete route", "content_type": 8}}, {"pk": 16, "model": "auth.permission", "fields": {"codename": "add_session", "name": "Can add session", "content_type": 6}}, {"pk": 17, "model": "auth.permission", "fields": {"codename": "change_session", "name": "Can change session", "content_type": 6}}, {"pk": 18, "model": "auth.permission", "fields": {"codename": "delete_session", "name": "Can delete session", "content_type": 6}}, {"pk": 19, "model": "auth.permission", "fields": {"codename": "add_site", "name": "Can add site", "content_type": 7}}, {"pk": 20, "model": "auth.permission", "fields": {"codename": "change_site", "name": "Can change site", "content_type": 7}}, {"pk": 21, "model": "auth.permission", "fields": {"codename": "delete_site", "name": "Can delete site", "content_type": 7}}, {"pk": 28, "model": "auth.permission", "fields": {"codename": "add_tag", "name": "Can add tag", "content_type": 10}}, {"pk": 29, "model": "auth.permission", "fields": {"codename": "change_tag", "name": "Can change tag", "content_type": 10}}, {"pk": 30, "model": "auth.permission", "fields": {"codename": "delete_tag", "name": "Can delete tag", "content_type": 10}}, {"pk": 31, "model": "auth.permission", "fields": {"codename": "add_taggeditem", "name": "Can add tagged item", "content_type": 11}}, {"pk": 32, "model": "auth.permission", "fields": {"codename": "change_taggeditem", "name": "Can change tagged item", "content_type": 11}}, {"pk": 33, "model": "auth.permission", "fields": {"codename": "delete_taggeditem", "name": "Can delete tagged item", "content_type": 11}}]